{"min": [-0.675063, -0.209246, -0.736131], "max": [0.708815, 0.156264, 0.22328]}